{"cameraMode":{"drawMode":0,"name":"Shaded","section":"Shading Mode"},"sceneLighting":true,"audioPlay":false,"sceneViewState":{"m_AlwaysRefresh":false,"showFog":true,"showSkybox":true,"showFlares":true,"showImageEffects":true,"showParticleSystems":true,"showVisualEffectGraphs":true,"m_FxEnabled":true},"in2DMode":false,"pivot":{"x":31.86333656311035,"y":7.6304931640625,"z":-0.06119954586029053},"rotation":{"x":0.010499613359570504,"y":-0.011998513713479042,"z":0.00012602179776877165,"w":0.999865710735321},"size":10.669547080993653,"orthographic":true}