{"cameraMode":{"drawMode":0,"name":"Shaded","section":"Shading Mode"},"sceneLighting":true,"audioPlay":false,"sceneViewState":{"m_AlwaysRefresh":false,"showFog":true,"showSkybox":true,"showFlares":true,"showImageEffects":true,"showParticleSystems":true,"showVisualEffectGraphs":true,"m_FxEnabled":true},"in2DMode":false,"pivot":{"x":6.970499038696289,"y":13.83215618133545,"z":-10.46759033203125},"rotation":{"x":0.010499613359570504,"y":-0.011998513713479042,"z":0.00012602179776877165,"w":0.999865710735321},"size":17.549341201782228,"orthographic":true}