{"cameraMode":{"drawMode":0,"name":"Shaded","section":"Shading Mode"},"sceneLighting":true,"audioPlay":false,"sceneViewState":{"m_AlwaysRefresh":false,"showFog":true,"showSkybox":true,"showFlares":true,"showImageEffects":true,"showParticleSystems":true,"showVisualEffectGraphs":true,"m_FxEnabled":true},"in2DMode":false,"pivot":{"x":3.2916057109832765,"y":9.957100868225098,"z":-10.600231170654297},"rotation":{"x":-0.014998622238636017,"y":0.003000084310770035,"z":0.00004503149102674797,"w":0.9998767971992493},"size":25.944454193115236,"orthographic":true}