{"cameraMode":{"drawMode":0,"name":"Shaded","section":"Shading Mode"},"sceneLighting":true,"audioPlay":false,"sceneViewState":{"m_AlwaysRefresh":false,"showFog":true,"showSkybox":true,"showFlares":true,"showImageEffects":true,"showParticleSystems":true,"showVisualEffectGraphs":true,"m_FxEnabled":true},"in2DMode":false,"pivot":{"x":21.15999984741211,"y":15.939998626708985,"z":-8.250003814697266},"rotation":{"x":0.010499613359570504,"y":-0.011998513713479042,"z":0.00012602179776877165,"w":0.999865710735321},"size":19.783008575439454,"orthographic":true}