{"cameraMode":{"drawMode":0,"name":"Shaded","section":"Shading Mode"},"sceneLighting":true,"audioPlay":false,"sceneViewState":{"m_AlwaysRefresh":false,"showFog":true,"showSkybox":true,"showFlares":true,"showImageEffects":true,"showParticleSystems":true,"showVisualEffectGraphs":true,"m_FxEnabled":true},"in2DMode":false,"pivot":{"x":38.18600082397461,"y":16.825000762939454,"z":0.4749999940395355},"rotation":{"x":0.010499613359570504,"y":-0.011998513713479042,"z":0.00012602179776877165,"w":0.999865710735321},"size":14.469398498535157,"orthographic":true}